Label,Deviation,EyeContact,Familiar
q1nc1,78,FALSE,FALSE
q1nc2,204,FALSE,FALSE
q1nc3,40,FALSE,TRUE
q1nc4,53,FALSE,TRUE
q1nc5,35,FALSE,FALSE
q1nc6,34,FALSE,FALSE
q1nc7,18,FALSE,TRUE
q1nc8,69,FALSE,TRUE
q2nc1,51,FALSE,FALSE
q2nc2,90,FALSE,FALSE
q2nc3,44,FALSE,TRUE
q2nc4,104,FALSE,TRUE
q2nc5,41,FALSE,FALSE
q2nc6,99,FALSE,FALSE
q2nc7,20,FALSE,TRUE
q2nc8,19,FALSE,TRUE
q3nc1,105,FALSE,FALSE
q3nc2,114,FALSE,FALSE
q3nc3,56,FALSE,TRUE
q3nc4,45,FALSE,TRUE
q3nc5,139,FALSE,FALSE
q3nc6,99,FALSE,FALSE
q3nc7,55,FALSE,TRUE
q3nc8,42,FALSE,TRUE
q4nc1,74,FALSE,FALSE
q4nc2,83,FALSE,FALSE
q4nc3,75,FALSE,TRUE
q4nc4,45,FALSE,TRUE
q4nc5,21,FALSE,FALSE
q4nc6,37,FALSE,FALSE
q4nc7,28,FALSE,TRUE
q4nc8,20,FALSE,TRUE
q5nc1,64,FALSE,TRUE
q5nc2,201,FALSE,TRUE
q5nc3,29,FALSE,FALSE
q5nc4,90,FALSE,FALSE
q5nc5,17,FALSE,TRUE
q5nc6,65,FALSE,TRUE
q5nc7,108,FALSE,FALSE
q5nc8,28,FALSE,FALSE
q6nc1,83,FALSE,TRUE
q6nc2,56,FALSE,TRUE
q6nc3,161,FALSE,FALSE
q6nc4,108,FALSE,FALSE
q6nc5,178,FALSE,TRUE
q6nc6,52,FALSE,TRUE
q6nc7,52,FALSE,FALSE
q6nc8,145,FALSE,FALSE
q7nc1,157,FALSE,TRUE
q7nc2,56,FALSE,TRUE
q7nc3,104,FALSE,FALSE
q7nc4,35,FALSE,FALSE
q7nc5,34,FALSE,TRUE
q7nc6,26,FALSE,TRUE
q7nc7,48,FALSE,FALSE
q7nc8,53,FALSE,FALSE
q8nc1,25,FALSE,TRUE
q8nc2,112,FALSE,TRUE
q8nc3,54,FALSE,FALSE
q8nc4,76,FALSE,FALSE
q8nc5,40,FALSE,TRUE
q8nc6,62,FALSE,TRUE
q8nc7,47,FALSE,FALSE
q8nc8,49,FALSE,FALSE
q1ec1,135,TRUE,FALSE
q1ec2,227,TRUE,FALSE
q1ec3,74,TRUE,TRUE
q1ec4,152,TRUE,TRUE
q1ec5,105,TRUE,FALSE
q1ec6,53,TRUE,FALSE
q1ec7,104,TRUE,TRUE
q1ec8,85,TRUE,TRUE
q2ec1,120,TRUE,FALSE
q2ec2,97,TRUE,FALSE
q2ec3,105,TRUE,TRUE
q2ec4,142,TRUE,TRUE
q2ec5,66,TRUE,FALSE
q2ec6,89,TRUE,FALSE
q2ec7,28,TRUE,TRUE
q2ec8,58,TRUE,TRUE
q3ec1,140,TRUE,FALSE
q3ec2,191,TRUE,FALSE
q3ec3,28,TRUE,TRUE
q3ec4,154,TRUE,TRUE
q3ec5,20,TRUE,FALSE
q3ec6,89,TRUE,FALSE
q3ec7,57,TRUE,TRUE
q3ec8,37,TRUE,TRUE
q4ec1,204,TRUE,FALSE
q4ec2,117,TRUE,FALSE
q4ec3,11,TRUE,TRUE
q4ec4,73,TRUE,TRUE
q4ec5,26,TRUE,FALSE
q4ec6,49,TRUE,FALSE
q4ec7,43,TRUE,TRUE
q4ec8,30,TRUE,TRUE
q5ec1,146,TRUE,TRUE
q5ec2,187,TRUE,TRUE
q5ec3,66,TRUE,FALSE
q5ec4,4,TRUE,FALSE
q5ec5,28,TRUE,TRUE
q5ec6,38,TRUE,TRUE
q5ec7,154,TRUE,FALSE
q5ec8,102,TRUE,FALSE
q6ec1,38,TRUE,TRUE
q6ec2,81,TRUE,TRUE
q6ec3,97,TRUE,FALSE
q6ec4,35,TRUE,FALSE
q6ec5,60,TRUE,TRUE
q6ec6,32,TRUE,TRUE
q6ec7,54,TRUE,FALSE
q6ec8,67,TRUE,FALSE
q7ec1,86,TRUE,TRUE
q7ec2,7,TRUE,TRUE
q7ec3,27,TRUE,FALSE
q7ec4,57,TRUE,FALSE
q7ec5,24,TRUE,TRUE
q7ec6,7,TRUE,TRUE
q7ec7,27,TRUE,FALSE
q7ec8,38,TRUE,FALSE
q8ec1,37,TRUE,TRUE
q8ec2,135,TRUE,TRUE
q8ec3,11,TRUE,FALSE
q8ec4,54,TRUE,FALSE
q8ec5,25,TRUE,TRUE
q8ec6,47,TRUE,TRUE
q8ec7,43,TRUE,FALSE
q8ec8,19,TRUE,FALSE
